{
  "eye": {
    "orientation": [
      0,
      0,
      0.9850922226905823,
      -0.17202723026275635
    ],
    "magnitude": 1,
    "position": [
      0,
      0,
      0
    ]
  },
  "radius": 512,
  "type": "TWO_D"
}